,Unnamed: 0,Unnamed: 1,Unnamed: 2,Unnamed: 3,Unnamed: 4,Unnamed: 5,Unnamed: 6,Unnamed: 7,Unnamed: 8,Unnamed: 9,Unnamed: 10,Unnamed: 11,Unnamed: 12,Unnamed: 13,Unnamed: 14,Unnamed: 15,Unnamed: 16,Unnamed: 17,Unnamed: 18,Unnamed: 19,Unnamed: 20,Unnamed: 21,Unnamed: 22,Unnamed: 23,Unnamed: 24,Unnamed: 25,Unnamed: 26,Unnamed: 27,Unnamed: 28,Unnamed: 29,Unnamed: 30,Unnamed: 31,Unnamed: 32,Unnamed: 33,Unnamed: 34,Unnamed: 35,Unnamed: 36,Unnamed: 37,Unnamed: 38,Unnamed: 39,Unnamed: 40,Unnamed: 41,Unnamed: 42,Unnamed: 43,Unnamed: 44,Unnamed: 45,Unnamed: 46,Unnamed: 47,Unnamed: 48,Unnamed: 49,Unnamed: 50,Unnamed: 51,Unnamed: 52,Unnamed: 53,Unnamed: 54,Unnamed: 55,Unnamed: 56,Unnamed: 57,Unnamed: 58,Unnamed: 59,Unnamed: 60,Unnamed: 61,Unnamed: 62,Unnamed: 63,Unnamed: 64,Unnamed: 65,Unnamed: 66,Unnamed: 67,Unnamed: 68,Unnamed: 69,Unnamed: 70,Unnamed: 71,Unnamed: 72,Unnamed: 73,Unnamed: 74,Unnamed: 75,Unnamed: 76,Unnamed: 77,Unnamed: 78,Unnamed: 79,Unnamed: 80,Unnamed: 81,Unnamed: 82,Unnamed: 83,Unnamed: 84,Unnamed: 85,Unnamed: 86,Unnamed: 87,Unnamed: 88,Unnamed: 89,Unnamed: 90,Unnamed: 91,Unnamed: 92,Unnamed: 93,Unnamed: 94,Unnamed: 95,Unnamed: 96,Unnamed: 97,Unnamed: 98,Unnamed: 99,Unnamed: 100,Unnamed: 101,Unnamed: 102,Unnamed: 103,Unnamed: 104,Unnamed: 105
0,,,,,,,,,,,,,,,,,,,,,,,,,,,,,,,,,,,,,,,,,,,,,,,,,,,,,,,,,,,,,,,,,,,,,,,,,,,,,,,,,,,,,,,,,,,,,,,,,,,,,,,,,,
1,,,,,,,2 курс,,,,,,,,,,,,,,2 курс,,,,,,,,,,,,,,,,,2 курс,,,,,,,,,,,,,,,,,,,,,,,,,,,,,,,,,,,,,,,,,,,,,,,,,,,,,,,,,2 курс,,,,,2 курс,,,,2 курс,,
2,,,,Физтех-школа радиотехники и компьютерных технологий,,,,,,,,,,,,,,,Физтех-школа физики и исследований им. Ландау,,,,,,,,,,Физтех-школа аэрокосмических технологий ,,,,,,,,,,,,,,"Физтех-школа электроники, фотоники и молекулярной физики",,,,,,,,,,,,,,,,,,Физтех-школа прикладной математики и информатики,,,,,,,,,,,,,,,,,,,,,,,,,Физтех-школа биологической и медицинской физики,,,,,,,,,ИНБИКСТ,,,,,ФБВТ,,,,ВШПИ,,
3,Дни,Часы,Б01-201,Б01-202,Б01-203,Б01-204,Б01-205,Б01-206,Б01-207,Б01-208,С01-219,Дни,Часы,Б02-201,Б02-202,Б02-203,Б02-204,Б02-205,Б02-206,Б02-207,Б02-208,Б02-209,Б02-210,Б02-211,Б02-212,Б02-213,Б02-214,Дни,Часы,Б03-201,,Б03-202,,Б03-203,Б03-204,Б03-205,,Б03-207,Б03-211,Б03-212,Б03-213,Дни,Часы,Б04-201,Б04-202,Б04-203,Б04-204,Б04-205,Б04-207,Б04-208,Дни,Часы,Б05-201,Б05-202,Б05-203,Б05-204,Б05-205,Б05-206,Б05-207,Б05-208,Дни,Часы,Б05-231,Б05-232,Б05-220,,Б05-221,Б05-222,Б05-223,Б05-224,,Б05-225,Б05-226,Б05-227,Б05-228,,,Б05-229,,Б05-211,Б05-251,Б05-252,Б05-253,Дни,Часы,Б06-201,Б06-202,Б06-203,Б06-204,Б06-205,Б06-206,Б06-207,Дни,Часы,Б07-201,Б07-202,Б07-203,Дни,Часы,Б09-201,Б09-202,Дни,Часы,Б13-201,Б013-202,
4,Понедельник,900 - 1025,,,,,,,,,Базовый день,Понедельник,900 - 1025,Основы численного моделирования физических процессов (C++/Python)(факультатив),,,,,,,,,,,,,,Понедельник,900 - 1025,,,,,,,,,, Аналитическая механика/ доцент Кириллов О. Е./ 241 ауд.,,,Понедельник,900 - 1025,,,,,,,,Понедельник,900 - 1025,,,,,,,,,Понедельник,900 - 1025,,,,,,,,,,,,,,,,,,,,,,Понедельник,900 - 1025,,,,,,,,Понедельник,900 - 1025,Биология/ доцент Граф А.А.,,,Понедельник,900 - 1025,,,Понедельник,900 - 1025,,,
5,,1045 - 1210,,,,,,,,,,,1045 - 1210,,,,,,,,,,,,,,,,1045 - 1210,,,,,,,,,,Общая физика: лабораторный практикум,Колебания и волны 419ауд.,Аналитическая механика 420 ауд.,,1045 - 1210,,,,,,,,,1045 - 1210,,,,,,,,,,1045 - 1210,,,"Теория групп, колец и полей/ лекция/ Савватеев А. В./ Ильинский Д.Г./ УЛК 2 № 424",,,,,,,"Теория групп, колец и полей/ лекция/ Савватеев А. В./ Ильинский Д.Г./ УЛК 2 № 424",,,,,,,,,,,,,1045 - 1210,,,,,,,,,1045 - 1210,Биология,Биология,Биология,,1045 - 1210,,,,1045 - 1210,,,
6,,1220 - 1345,,,,,,,,,,,1220 - 1345,,,,,,,,,,,,,,,,1220 - 1345,,,,,,,,,,,,,,1220 - 1345,,,,,,,,,1220 - 1345,,,,,,,,,,1220 - 1345,,,,,,,,,,,,,,,,,,,,,,,1220 - 1345,,,,,,,,,1220 - 1345,Иностранный язык,Иностранный язык,Дифференциальные уравнения/ доц. Аллилуева А.И./,,1220 - 1345,Прикладные вычисления,,,1220 - 1345,,,
7,,1355 - 1520,,,,,,,,,,,1355 - 1520,Базовый день,,,,,,,,,,,,,,,1355 - 1520,,,,,,,,,Динамические системы /доцент Семендяев С.В./509 ГК,,Общая физика               419 ауд.,Основы почности 420 ауд.,,1355 - 1520,,,,,,,,,1355 - 1520,,,,,,,,,,1355 - 1520,,,,,,,,,,,,,,,,,,,,,,,1355 - 1520,,,,,,,,,1355 - 1520,,,Дифференциальные уравнения/ доц. Аллилуева А.И./,,1355 - 1520,Случайные процессы и математическая статистика/доцент Дубинская В.Ю./УЛК 1 № 5.18,,,1355 - 1520,,,
8,,1530 - 1655,,,,,,,,,,,1530 - 1655,Введение в экспериментальную физику высоких энергий (факультатив)  А.Б. Борисов/ 408 ЛК ,,,,,,,,,,,,,,,1530 - 1655,,,,,,,,,Динамические системы 509 ГК,Общая физика               419 ауд.,Общая физика: лабораторный практикум,Физическая культура,,1530 - 1655,,,,,,,,,1530 - 1655,Физическая культура,,,,,,,,,1530 - 1655,,,,,,,,,,,,,,,,,,,,,,,1530 - 1655,,,,,,,,,1530 - 1655,,,,,1530 - 1655,,,,1530 - 1655,,,
9,,,,,,,,,,,,,,,,,,,,,,,,,,,,,,,,,,,,,,,,,,,,,,,,,,,,,,,,,,,,,,,,,,,,,,,,,,,,,,,,,,,,,,,,,,,,,,,,,,,,,Прикладные вычисления,,,,,
10,,1705 - 1830,,,,,,,,,,,1705 - 1830,Радиотехнические методы усиления и обработки сигналов (факультатив),,,,,,,,,,,,,,,1705 - 1830,А.К  №4 : 1из 6:  Компьютерные технологии решения научных задач/ Анализ данных на Python/  Технологии продвинутого программирования на С++/ Численный расчёт волновых процессов/ Разработка web-приложений на Python/ Технологии параллельного программирования на С++ /,,,,,,,,Физическая культура,Колебания и волны 419ауд.,,Теория вероятностей / 205 ауд.,,1705 - 1830,,,,,,,,,1705 - 1830,,,,,,,,,,1705 - 1830,,,,,,,,,,,,,,,,,,,,,,,1705 - 1830,,,,,,,,,1705 - 1830,,,,,1705 - 1830,,,,1705 - 1830,,,
11,,,,,,,,,,,,,,,,,,,,,,,,,,,,,,,,,,,,,,,,,,,,,,,,,,,,,,,,,,,,,,,,,,,,,,,,,,,,,,,,,,,,,,,,,,,,,,,,,,,,,,,,,,
12,,1835 - 2000,,,,,,,,,,,1835 - 2000,,,,,,,,,,,,,,,,1835 - 2000,,,,,,,,,,,,,,1835 - 2000,,,,,,,,,1835 - 2000,Презентации кафедр ФПМИ/ Б.Физ.,,,,,,,,,1835 - 2000,Презентации кафедр ФПМИ/ Б.Физ.,,,,,,,,,,,,,,,,,,,,,,1835 - 2000,,,,,,,,,1835 - 2000,Занятия в г. Москве,,,,1835 - 2000,Биология/ 521 ГК,,,1835 - 2000,,,
13,,,,,,,,,,,,,,,,,,,,,,,,,,,,,,,,,,,,,,,,,,,,,,,,,,,,,,,,,,,,,,,,,,,,,,,,,,,,,,,,,,,,,,,,,,,,,,,,,,,,,,,,,,
14,,,,,,,,,,,,,,,,,,,,,,,,,,,,,,,,,,,,,,,,,,,,,,,,,,,,,,,,,,,,,,,,,,,,,,,,,,,,,,,,,,,,,,,,,,,,,,,,,,,,,,,,,,
15,Вторник,900 - 1025,Гармонический анализ 422  ГК,Физическая культура,,Дифференциальные уравнения 418 ГК,,Дифференциальные уравнения 426 ГК,Физическая культура,,Физическая культура,Вторник,900 - 1025,Иностранный язык,Иностранный язык,Иностранный язык,Иностранный язык,Иностранный язык,Иностранный язык,Иностранный язык,Иностранный язык,Иностранный язык,Иностранный язык,Иностранный язык,Иностранный язык,Иностранный язык,Иностранный язык,Вторник,900 - 1025,Дифференциальные уравнения/ доцент Дубинская В.Ю./ Б.Хим.,,,,,,,,,Колебания и волны (по чет.нед.)/доцент  Cидоренко Н.В./ 314 ауд.,,,Вторник,900 - 1025,Химическая физика: лабораторный практикум 402 ЛК,Общая физика: лабораторный практикум,Физическая культура,,,Общая физика: лабораторный практикум,Общая физика: лабораторный практикум,Вторник,900 - 1025,,"Общая физика 
    524 ГК",Физическая культура,,,Дифференциальные уравнения 415 ГК,Теория вычислительной сложности 412 ГК,Теория вычислительной сложности 412 ГК,Вторник,900 - 1025,,,,,Физическая культура,Базы данных ,Базы данных ,Физическая культура,,Физическая культура,,,Физическая культура,,,,,,Базы данных 320 ЛК,,Программирование на языке С++ 317 ЛК,Вторник,900 - 1025,Общая физика: лабораторный практикум, Физическая химия: лаб.практикум,Общая физика: лабораторный практикум,Физическая культура,,Физическая культура,,Вторник,900 - 1025,Общая геометрия и топология/ доцент Цветкова А.В.,,Общая физика: оптика/ доцент Строев А.Ю.,Вторник,900 - 1025,Теория динамических систем/ доцент Зараменских И.Е./ УЛК 1 № 5.18,,Вторник,900 - 1025,,,5.0
16,,1045 - 1210,Дифференциальные уравнения 422 ГК,,Общая физика              523 ГК,,,Гармонический анализ 426 ГК,,,,,1045 - 1210,"Теория поля/ Андрианов Е.С. к.ф.-м.н., доцент / 239 НК/ Мусаев Э.Т.к.ф.-м.н., доцент/ 117 ГК",,,,,,,,,,,,,,,1045 - 1210,Гармонический анализ/ профессор Дымарский Я.М./ Акт.зал,,,,,,,,,,,,,1045 - 1210,,,Гармонический анализ 418 ГК,Гармонический анализ 428 ГК,Физическая культура,,,,1045 - 1210,Общая физика 524 ГК   ,Теория вероятностей 516а ГК,Теория вероятностей 515 ГК,Общая физика        520 ГК,Теория вероятностей 516 ГК,,,,,1045 - 1210,Физическая культура,,Физическая культура,,Дифференциальные уравнения 507а ГК,,,Дифференциальные уравнения 509 ГК,,,,,Гармонический анализ  511  ГК,,,Теория вероятностей 424 ГК,,Физическая культура,Алгоритмы и структуры данных,Гармонический анализ/ профессор Дымарский Я.М./ Акт.зал,,,1045 - 1210,,,,Общая физика: электричество и магнетизм/ доцент Извекова Ю.Н./ Гл.Физ.,,,,,1045 - 1210,,,Общая физика: оптика и атом.физика,,1045 - 1210,,,,1045 - 1210,не занимать вторник занятия в Москве,,
17,,,,,,,,,,,,,,,,,,,,,,,,,,,,,,,,,,,,,,,,,,,,,,,,,,,,,,,,,,,,,,,,,,,,,,,,,,,,,,,,,,,,,,,,,,,,,,,,,,,,,,,,,,
18,,1220 - 1345,Иностранный язык,Иностранный язык,Иностранный язык,Иностранный язык,Иностранный язык,Иностранный язык,Иностранный язык,Иностранный язык,Иностранный язык,,1220 - 1345,,,Теория поля        529 ГК,,Теория поля        530 ГК,,,Теория поля         531 ГК,Теория поля          533 ГК,,Теория поля             535 ГК,"Гармонический анализ (модерн.1)
518 ГК/(классич.) 418 ГК",Гармонический анализ (классич.) 418 ГК / (модерн.1) 518 ГК/  (модерн.2) 520 ГК,"Гармонический анализ (модерн. 2 ) 520 ГК,  (классич.) 418 ГК",,1220 - 1345,Иностранный язык,,Иностранный язык,,Иностранный язык,Иностранный язык,Иностранный язык,,Иностранный язык,Иностранный язык,Иностранный язык,Иностранный язык,,1220 - 1345,,,Общая физика             527 ГК,,Аналитическая механика 409 ГК,,Общая физика         523 ГК,,1220 - 1345,Аналитическая механика/ профессор Амелькин Н.И./239 НК,,,,,,,,,1220 - 1345,Дискретные структуры/ ассистент Курносов А.Д./113 ГК,,АКОС 701 КПМ,,,,,,,,,,,,,Дифференциальные уравнения  524  ГК,,Дискретные структуры/ ассистент Курносов А.Д./113 ГК,,Дискретные структуры/ ассистент Курносов А.Д./113 ГК,,,1220 - 1345,"Теория поля 
526  ГК",Информатика   ,Гармонический анализ  515 ГК,,,,,,1220 - 1345,Дифференциальные уравения/ проф. Назайкинский В.Е.,,,,1220 - 1345,Иностранный язык,Иностранный язык,,1220 - 1345,А.К. № 4: 2 из 3: Разработка операционных систем/Теория и практика многопоточной синхронизации/Компьютерные сети,,
19,,,,,,,,,,,,,,,,,,,,,,,,,,,,,,,,,,,,,,,,,,,,,,,,,,,,,,,,,,,,,,,,,,,,,,,,,,,,,,,,,,,,,,,,,,,,,,,,,,,,,,,,,,
20,,1355 - 1520,,Гармонический анализ   515 ГК,,Физическая культура,,,Гармонический анализ 516 ГК,Общая физика             432 ГК,Гармонический анализ    516а ГК,,1355 - 1520,Общая физика: лабораторный практикум,Общая физика: лабораторный практикум,,Общая физика: лабораторный практикум,,Общая физика: лабораторный практикум,Общая физика: лабораторный практикум,,,Общая физика: лабораторный практикум,,,,,,1355 - 1520,Дифференциальные уравнения 522 ГК,,Гармонический анализ 523 ГК,,,,,,Дифференциальные уравнения 524 ГК,Гармонический анализ 206 ауд,Дифференциальные уравнения. 205 ауд.,Дифференциальные уравнения. 210ауд.,,1355 - 1520,Иностранный язык,Иностранный язык,Иностранный язык,Иностранный язык,Иностранный язык,Иностранный язык,Иностранный язык,,1355 - 1520,Иностранный язык,Иностранный язык,Иностранный язык,Иностранный язык,Иностранный язык,Иностранный язык,Иностранный язык,Иностранный язык,,1355 - 1520,Теория вероятностей/ профессор Шабанов Д.А./Б.Физ.,,,,,,,,,,,,,,,,,,,,,,1355 - 1520,Физическая культура,,Общая физика              514 ГК,Основы физической химии: лаб.практикум,Общая физика: лабораторный практикум,Общая физика: лабораторный практикум,Общая физика: лабораторный практикум,,1355 - 1520,Биологические макромолекулы и их функции/ профессор Лопина О.Д.,,Применение программных комплексов к решению задач,,1355 - 1520,Иностранный язык,Иностранный язык,,1355 - 1520,А.К. № 4: 2 из 3: Разработка операционных систем/Теория и практика многопоточной синхронизации/Компьютерные сети,,
21,,,,,,,,,,,,,,,,,,,,,,,,,,,,,,,,,,,,,,,,,,,,,,,,,,,,,,,,,,,,,,,,,,,,,,,,,,,,,,,,,,,,,,,,,,,,,,,,,,,,,,,,,,
22,,1530 - 1655,Методы обработки радиотехнических сигналов/доцент Григорьев А.А./ Акт.зал,,,,,,,,,,1530 - 1655,,,,,Дифференциальные уравнения 210  ГК,,,Гармонический анализ (модерн.1)  518 ГК/ (класс.) 428 ГК,Гармонический анализ (модерн.1)  518 ГК/(модерн.2) 509 ГК/ (класс.) 428 ГК,,Гармонический анализ (модерн.2) 509 ГК/ (класс.) 428 ГК,Теория поля              520 ГК,Теория поля            522 ГК,Теория поля             523 ГК,,1530 - 1655,,,,,Аналитическая механика 514 ГК,Теория вероятностей 511 ГК,Дифференциальные уравнения 524 ГК,,,Дифференциальные уравнения. 206 ауд.,Гармонический анализ 205 ауд,Гармонический анализ 210 ауд,,1530 - 1655,,,,,,,,,1530 - 1655,Дифференциальные уравнения 512 ГК,,,Гармонический анализ 426 ГК,Аналитическая механика 204а ГК,,Алгоритмы и модели вычислений 524 ГК,Физическая культура,,1530 - 1655,Иностранный язык,Иностранный язык,,Иностранный язык,Иностранный язык,Иностранный язык,Иностранный язык,Иностранный язык,,Базы данных ,Иностранный язык,Иностранный язык,Иностранный язык,,,Иностранный язык,,Иностранный язык,Иностранный язык,Иностранный язык,Иностранный язык,,1530 - 1655,,,,,,,,,1530 - 1655,,,,,1530 - 1655,,,,1530 - 1655,А.К. № 5: 1 из 2: Введение в технологии DevOps/Параллельные и распределенные вычисления,,6.0
23,,,,,,,,,,,,,,,,,,,,,,,,,,,,,,,,,,,,,,,,,,,,,,,,,,,,,,,,,,,,,,,,,,,,,,,,,,,,,,,,,,,,,,,,,,,,,,,,,,,,,,,,,,
24,,1705 - 1830,Введение в специальность/ 202 НК,,,,,,,,Общая физика              УЛК 1 № 2.35,,1705 - 1830,,,,,Аналитическая механика 204а ГК,Общая физика          526 ГК,Физическая культура,,,Общая физика  513 ГК,,Дифференциальные уравнения 412 ГК,,,,1705 - 1830,Общая физика               514 ГК,,Теория вероятностей 426 ГК,,,Дифференциальные уравнения 419 ГК,Физическая культура,,Экономика,Компьютерные технологии(по нечет.нед.)/ профессор Шалаев В.И./250 ауд.,,Паттерны проектирования/ 204,,1705 - 1830,А.К.№1: 1 из 3: Экология/ доцент Бондаренко П.В. /415 ГК/  Физические основы наук о материалах/ доцент Янилкин А.В. / 113 ГК/ Введение в машинное обучение и анализ данных/ асс. Гольдштейн К.Д./ 123 ГК,,Введение в машинное обучение и анализ данных (факультатив)/ асс. Гольдштейн К.Д./ 123 ГК,,,,,,1705 - 1830,,Физическая культура,Общая физика        522 ГК,,,Гармонический анализ 413 ГК,Аналитическая механика 511 ГК,,,1705 - 1830,,,Базы данных ,,Базы данных ,Физическая культура,Гармонический анализ 424 ГК,Гармонический анализ 414 ГК,,,Дифференциальные уравнения 416 ГК,Гармонический анализ 418 ГК,,,,,,,,,,,1705 - 1830,Иностранный язык,Иностранный язык,Иностранный язык,Иностранный язык,Иностранный язык,Иностранный язык,Иностранный язык,,1705 - 1830,,,,,1705 - 1830,Практика программирования на Python,Практика программирования на Python,,1705 - 1830,А.К. № 5: 1 из 2: Введение в технологии DevOps/Параллельные и распределенные вычисления,,
25,,,,,,,,,,,,,,,,,,,,,,,,,,,,,,,,,,,,,,,,,,,,,,,,,,,,,,,,,,,,,,,,,,,,,,,,,,,,,,,,,,,,,,,,,,,,,,,,,,,,,,,,,,
26,,1835 - 2000,,,,,,,,,,,1835 - 2000,,,,,,Физическая культура,,,Физическая культура,,,,,Физическая культура,,1835 - 2000,,,,,Теория вероятностей 426 ГК,,,,,,,,,1835 - 2000,Физическая культура,Физическая культура,,,,,,,1835 - 2000,"А.К.1: 1 из 2: Практика ведения научной работы / профессор, д.ф.-м.н. Райгородский А.М./115 КПМ",,,,,,,,,1835 - 2000,"Межкафедральный семинар по дискретной математике/ профессор, д.ф.-м.н. Райгородский А.М./ 115 КПМ",,"Межкафедральный семинар по дискретной математике/ профессор, д.ф.-м.н. Райгородский А.М./ 115 КПМ",,,,,,,,"Практика ведения научной работы/ профессор, д.ф.-м.н. Райгородский А.М./ 115 КПМ","Межкафедральный семинар по дискретной математике/ профессор, д.ф.-м.н. Райгородский А.М./ 115 КПМ",,,,,,,,,,,1835 - 2000,,,,,,,,,1835 - 2000,Занятия в г. Москве,,,,1835 - 2000,,,,1835 - 2000,,,
27,,,,,,,,,,,,,,,,,,,,,,,,,,,,,,,,,,,,,,,,,,,,,,,,,,,,,,,,,,,,,,,,,,,,,,,,,,,,,,,,,,,,,,,,,,,,,,,,,,,,,,,,,,
28,,,,,,,,,,,,,,,,,,,,,,,,,,,,,,,,,,,,,,,,,,,,,,,,,,,,,,,,,,,,,,,,,,,,,,,,,,,,,,,,,,,,,,,,,,,,,,,,,,,,,,,,,,
29,Среда,900 - 1025,Компьютерные технологии/доцент  Ефанов Н.Н./Акт. Зал,,,,,,,,Алгебра 417 ГК,Среда,900 - 1025,Теория поля            507а ГК,Теория поля             509 ГК,,Теория поля            511 ГК,,,,,,,,,,Общая физика 512 ГК,Среда,900 - 1025,Аналитическая механика 414 ГК ,,Общая физика              513 ГК,,,,,,, Теория вероятностей  -  доцент Животов С.Д. / 306  ауд. ,,,Среда,900 - 1025,Гармонический анализ/ доцент Редкозубова Е.Ю./ 202 НК,,,,,,,Среда,900 - 1025,Теория поля/доцент Андрейчиков М.А./ 239 НК,,,,,,,,Среда,900 - 1025,,Практикум по алгоритмам обработки строк и теории чисел УЛК 1 №5.16,Макроэкономика/ лекция/ Андреев М.В./УЛК 2 № 424,,ТиПМС ,,Теория колец и полей ,ТиПМС 422 ГК,,Макроэкономика/ лекция/ Андреев М.В./УЛК 2 № 424,,,,,,Теория колец и полей ,,Физическая культура,,,,Среда,900 - 1025,Гармонический анализ/ доцент Редкозубова Е.Ю./ 202 НК,,,,Физическая культура, Основы физической химии: лаб.практикум,,Среда,900 - 1025,Общая физика: лабораторный практикум,Общая физика: лабораторный практикум,Общая физика: лабораторный практикум,Среда,900 - 1025,Физическая культура,,Среда,900 - 1025,Иностранный язык,Иностранный язык,
30,,,,,,,,,,,,,,,,,,,,,,,,,,,,,,,,,,,,,,,,,,,,,,,,,,,,,,,,,,,,,,,,,,,,,,,,,,,,,,,,,,,,,,,,,,,,,,,,,,,,,,,,,,
31,,1045 - 1210,Микроконтроллеры/старший преподаватель Трещалин А.П./ Акт. Зал,,,,,,,,,,1045 - 1210,Общая физика:оптика/ доцент Петухов В.А./  Гл.Физ.,,,,,,,,,,,,,,,1045 - 1210,Аналитическая механика/ профессор Амелькин Н.И./ 239 НК,,,,,,,,Теория случайных проц./ доцент Булинский А.В./ 411 ГК,Гармонический анализ /доцент Ковалев В. П./ 306 ауд.   ,,,,1045 - 1210,Дифференциальные уравнения/ доцент Семенов А.Ю./ 202 НК,,,,,,,,1045 - 1210,"Теория поля 
509 ГК",,,Дифференциальные уравнения 413 ГК,Алгоритмы и модели вычислений 515 ГК,Алгоритмы и модели вычислений 428 ГК,,Гармонический анализ 416 ГК,,1045 - 1210,Гармонический анализ  419 ГК,Практикум по объектно-ориентированному программированию УЛК 2 № 425,Физическая культура,,АКОС  9244,,,,,,ТиПМС ,Дискретные структуры 420 ГК,АКОС  701 КПМ,,,ТиПМС ,,,Технологии программирования/Старший преподаватель Ахтямов П.И./ Б.Физ,,,,1045 - 1210,Дифференциальные уравнения/ доцент Семенов А.Ю./ 202 НК,,,Физ.химия (по чет.нед) 512 ГК,,,,,1045 - 1210,,,,,1045 - 1210,Гармонический анализ/старший преподаватель Скубачевский А.А. /521 ГК,,,1045 - 1210,Математическая статистика/доцент Савелов М.П./ УЛК 1 № 2.36,,3.0
32,,,,,,,,,,,,,,,,,,,,,,,,,,,,,,,,,,,,,,,,,,,,,,,,,,,,,,,,,,,,,,,,,,,,,,,,,,,,,,,,,,,,,,,,,,,,,,,,,,,,,,,,,,
33,,1220 - 1345,Аналитическая механика 426 ГК,,,"Компьютерные технологии  
",Гармонический анализ   418 ГК,,,,,,1220 - 1345,Аналитическая механика/ профессор Маркеев А.П./ Акт.зал/ профессор Холостова О.В. / 113 ГК,,,,,,,,,,,,,,,1220 - 1345,Теория вероятностей/ профессор Широков М.Е./ 123 ГК,,,,,,,,Общая физика    507а ГК,,,,,1220 - 1345,Дифференциальные уравнения 422 ГК,,,Аналитическая механика 428 ГК,,,,,1220 - 1345,Дифференциальные уравнения/ доцент Пыркова О.А./ 115 КПМ,,,,,,,,,1220 - 1345,Дифференциальные уравнения 419 ГК,,Иностранный язык,,,,ТиПМС  ,Теория колец и полей 302 КПМ,,Иностранный язык,Дискретный анализ 525 ГК,,Теория колец и полей 533 ГК,,,,,,Дифференциальные уравнения/ доцент Пыркова О.А./ 115 КПМ,,,,1220 - 1345,Теория поля/ доцент Черняков Ю.Б./432 ГК,,,,Физ.химия (по чет.нед) 509 ГК,Общая физика     УЛК 2 № 425,Общая физика     УЛК 1 № 5.16,,1220 - 1345,Общая физика: оптика/ доцент Ситников М.Г. / 532 ГК,,Иностранный язык 527 ГК,,1220 - 1345,,,,1220 - 1345,,,
34,,,,,,,,,,,,,,,,,,,,,,,,,,,,,,,,,,,,,,,,,,,,,,,,,,,,,,,,,,,,,,,,,,,,,,,,,,,,,,,,,,,,,,,,,,,,,,,,,,,,,Теория динамических систем 524 ГК,,,,,
35,,1355 - 1520,Физическая культура,"Компьютерные технологии  
",,,Физическая культура,Общая физика: лабораторный практикум,Общая физика: лабораторный практикум,,Дифференциальные уравнения 409 ГК,,1355 - 1520,Аналитическая механика 409 ГК,,Аналитическая механика 411 ГК,Аналитическая механика 417 ГК,Общая физика            526 ГК,Теория поля          520 ГК,Теория поля          522 ГК,Аналитическая механика 420 ГК,Общая физика  507а ГК,Теория поля          523 ГК,Аналитическая механика 412 ГК,,Аналитическая механика 413 ГК,Аналитическая механика 414 ГК,,1355 - 1520,"Теория вероятностей 
416 ГК",,,,Общая физика: лабораторный практикум,Физическая культура,Общая физика: лабораторный практикум,,Физическая культура,Компьютерные технологии 214 ауд.    ,Аналитическая механика  419 ауд.,Общая физика               420 ауд.,,1355 - 1520,Гармонический анализ  422 ГК,"Общая физика
533 ГК",Общая физика: лабораторный практикум,Физическая культура,Электроника 201 ЛВЭ,Дифференциальные уравнения 424 ГК,Электроника 201 ЛВЭ,,1355 - 1520,,Гармонический анализ 426 ГК,Гармонический анализ 428 ГК,Аналитическая механика 418 ГК,Общая физика  430 ГК   ,Теория вычислительной сложности 518 ГК,Гармонический анализ 509 ГК,,,1355 - 1520,Практикум по объектно-ориентированному программированию 208 УПМ,,Иностранный язык,,,Дискретный анализ 204а ГК,АКОС ,,,Иностранный язык,"А.К. 1 из 2: Конкретная дифференциальная топология/ лекция/ (для ПМИ-Матем.)/ Скопенков А.Б. /525 ГК
 ",,,,,Базы данных ,,Гармонический анализ  516  ГК,Дискретный анализ УЛК 1 № 5.16,,Физическая культура,,1355 - 1520,,,Физ.химия (по чет.нед) 529 ГК,,,,Физ.химия (по чет.нед) 530 ГК,,1355 - 1520,,Общая физика: оптика 528 ГК,,,1355 - 1520,Гармонический анализ 512 ГК,,,1355 - 1520,Математическая статистика 511 ГК,,
36,,,,,,,,,,,,,,,,,,,,,,,,,,,,,,,,,,,,,,,,,,,,,,,,,,,,,,,,,,,,,,,,,,,,,,,,,,,,,,,,,,,,,,,,,,,,,,,,,,,,,,,,,,
37,,1530 - 1655,,,,,,,,Гармонический анализ   419  ГК,Методы обработки радиотехнических сигналов,,1530 - 1655,,Аналитическая механика 409 ГК,Физическая культура,,,,,,Аналитическая механика 411 ГК,Аналитическая механика 412 ГК,Физическая культура,Аналитическая механика 413 ГК,,,,1530 - 1655,,,Аналитическая механика 523 ГК,,,,,,Теория случайных проц. 420 ГК,Аналитическая механика  419 ауд.,Компьютерные технологии 214 ауд.    ,Общая физика: лаб. практикум,,1530 - 1655,,Аналитическая механика 524 ГК,,,,Аналитическая механика 418 ГК,,,1530 - 1655,Гармонический анализ 426 ГК,Аналитическая механика 522 ГК,Дифференциальные уравнения 428 ГК,,,,Дифференциальные уравнения 509 ГК,,,1530 - 1655,,,ТиПМС  702 КПМ,,,,,,,Теория вероятностей УЛК 1 № 5.16,"А.К. 1 из 2: Конкретная дифференциальная топология/ лекция/ (для ПМИ-Матем.)/ Скопенков А.Б. /525 ГК
 ",Физическая культура,Теория вероятностей 426 ГК,,,,,,Алгоритмы и структуры данных/ Кулапин А.Е./ 239 НК,,,,1530 - 1655, Физическая химия: лаб.практикум,"Теория поля 
520  ГК",,Биохимия / 107 БК,,,,,1530 - 1655,Общая физика: оптика 528 ГК,,,,1530 - 1655,,Гармонический анализ 422 ГК,,1530 - 1655,,Математическая логика и теория алгоритмов,5.0
38,,,,,,,,,,,,,,Гармонический анализ (модерн.) 414 ГК/ (классич.) 417 ГК,,,Гармонический анализ (классич.) 417 ГК/ (модерн.2) 518 ГК,Гармонический анализ (модерн.1)414 ГК / (модерн.2) 518 ГК/(классич.) 417 ГК,,,,,,,,,,,,,,,,,,,,,,,,,,,,,,,,,,,,,,,,,,,,,,,,,,,,,,,,,,,,,,,,,,,,,,,,,,,,,,,,,,Прикладные вычисления,,,,,,
39,,1705 - 1830,Общая физика              507а ГК,,Физическая культура,Аналитическая механика 420 ГК,,,Общая физика             509 ГК,Дифференциальные уравнения 419 ГК,,,1705 - 1830,,Общая физика           УЛК 1 № 2.35,,,,,,Физическая культура,,,,Физическая культура,,,,1705 - 1830,Прикладные физ.-тех. и комп.методы исследований:лаб.практ. 107 ЛК ,,Физическая культура,,,,,,,Теория вероятностей 306 ауд.,Теория вероятностей 306 ауд.,Физическая культура,,1705 - 1830,Аналитическая механика 524 ГК,,,Общая физика             513 ГК,,Гармонический анализ 413 ГК,Физическая культура,,1705 - 1830,,,Аналитическая механика 424 ГК,Программирование на языке Python 801 КПМ,Базы данных 706 КПМ,Физическая культура,Общая физика       521 ГК,Аналитическая механика 426 ГК,,1705 - 1830,,Дискретные структуры 420 ГК,Занятия в г. Москве,,,,,,,,,,ТиПМС 521 ГК,,,,,,,,,,1705 - 1830,,Гармонический анализ 512 ГК,Физическая культура,,Общая физика             509 ГК,,Физическая культура,,1705 - 1830,Физическая культура,Физическая культура,Физическая культура,,1705 - 1830,,,,1705 - 1830,Математическая логика и теория алгоритмов/Старший преподаватель Зухба А. В./ 123 ГК,,
40,,,,,,,,,,,,,,,,,,,,,,,,,,,,,,,,,,,,Общая физика             511 ГК,,,,,,,,,,,,,,,,,,,,,,,,,,,,,,,,,,,,,,,,,,,,,,,,,,,,,,,,,,,,,,,,,,,,,,
41,,1835 - 2000,,,,,,,Аналитическая механика 420 ГК,,,,1835 - 2000,,,Общая физика           УЛК 1 № 2.35,,,,,,,,,,,,,1835 - 2000,,,,,,,,,,Физическая культура,Физическая культура,,,1835 - 2000,,,,,Общая физика               521 ГК,,,,1835 - 2000,Физическая культура,Базы данных 320 ЛК,,Физическая культура,Физическая культура,Аналитическая механика 424 ГК,,,,1835 - 2000,,,Теория игр. Часть 2 УЛК 2 №425,Архитектура компьютеров и операционные системы / Ассистент Андреев А.Н./ УЛК 2 поточ. ауд. 4 эт.,,,,,,Теория игр. Часть 2 УЛК 2 №425,,Архитектура компьютеров и операционные системы / Ассистент Андреев А.Н./ УЛК 2 поточ. ауд. 4 эт.,,,,,,,Физическая культура,Физическая культура,,,1835 - 2000,,Физ.химия (по чет.нед) 409 ГК,,Биохимия,Биохимия,Биохимия,Биохимия,,1835 - 2000,Занятия в г. Долгопрудном,,,,1835 - 2000,Физическая культура,Физическая культура,,1835 - 2000,Разработка на Flutter,,
42,,,,,,,,,,,,,,,,,,,,,,,,,,,,,,,,,,,,,,,,,,,,,,,,,,,,,,,,,,,,,,,,,,,,,,,,,,,,,,,,,,,,,,,,,,,,,,,,,,,,,,,,,,
43,,,,,,,,,,,,,,,,,,,,,,,,,,,,,,,,,,,,,,,,,,,,,,,,,,,,,,,,,,,,,,,,,,,,,,,,,,,,,,,,,,,,,,,,,,,,,,,,,,,,,,,,,,
44,Четверг,900 - 1025,Иностранный язык,Иностранный язык,Иностранный язык,Иностранный язык,Иностранный язык,Иностранный язык,Иностранный язык,Иностранный язык,Иностранный язык,Четверг,900 - 1025,Физическая культура,Физическая культура,,Общая физика              513 ГК,,,,,,,,,Физическая культура,,Четверг,900 - 1025,Иностранный язык,,Иностранный язык,,Иностранный язык,Иностранный язык,Иностранный язык,,Иностранный язык,Введение в аэродинамику/ профессор Ляпунов С.В. / 306  ауд.  ,,,Четверг,900 - 1025,Общая физика: оптика /профессор Гавриков А.В./ Гл.Физ.,,,,,,,Четверг,900 - 1025,Общая физика: лабораторный практикум,Общая физика: лабораторный практикум,Общая физика: лабораторный практикум,Общая физика: лабораторный практикум,Дифференциальные уравнения 428 ГК,,Общая физика: лабораторный практикум,Общая физика: лабораторный практикум,Четверг,900 - 1025,,,Сложность вычислений 420 ГК,,,,,,,,,,Физическая культура,,,,,,,Гармонический анализ 420 ГК,,Четверг,900 - 1025,Общая физика: оптика/ профессор Гавриков А.В./ Гл.Физ.,,,Общая физика: лабораторный практикум,,,,Четверг,900 - 1025,,,Теория функций комплексного переменного/ассистент Клевин А./ 420 ГК,Четверг,900 - 1025,Теория динамических систем 512 ГК,,Четверг,900 - 1025,Основы машинного обучения,,6.0
45,,1045 - 1210,Общая физика: оптика/ доцент Попов П.В./ Гл.Физ.,,,,,,,,,,1045 - 1210,Иностранный язык,Иностранный язык,Иностранный язык,Иностранный язык,Иностранный язык,Иностранный язык,Иностранный язык,Иностранный язык,Иностранный язык,Иностранный язык,Иностранный язык,Иностранный язык,Иностранный язык,Иностранный язык,,1045 - 1210,Общая физика: оптика/ доцент Попов П.В./ Гл.Физ.,,,,,,,,,Дифференциальные уравнения/ доцент Животов С.Д./ 306 ауд,,,,1045 - 1210,Иностранный язык,Иностранный язык,Аналитическая механика 422 ГК,Дифференциальные уравнения 428 ГК,,Общая физика              523 ГК,Дифференциальные уравнения 419 ГК,,1045 - 1210,,,,,,Программирование на языке Python 806 КПМ,,,,1045 - 1210,Гармонический анализ/доцент Редкозубов В.В./ Б.Физ.,,,,,,,,,,,,,,,,,,Гармонический анализ  426  ГК,,Дискретный анализ 518 ГК,,1045 - 1210,,,,,Физическая культура,Физическая культура,Физическая культура,,1045 - 1210,Физическая культура,Физическая культура,Теория функций комплексного переменного  420 ГК,,1045 - 1210,,Физическая культура,,1045 - 1210,Физическая культура,,
46,,,,,,,,,,,,,,,,,,,,,,,,,,,,,,,,,,,,,,,,,,,,,,,,,,,,,,,,,,,,,,,,,,,,,,,,,,,,,,,,,,,,,,,,,,,,,,,,,,,,,,,,,,
47,,1220 - 1345,,Общая физика            518 ГК,Аналитическая механика 516а ГК,Гармонический анализ  418 ГК,,Общая физика              УЛК 1 № 2.36,Дифференциальные уравнения 426 ГК,,Теория и технология программир. /,,1220 - 1345,Дифференциальные уравнения 428 ГК,,,,,,Общая физика 507а ГК,Общая физика 520 ГК,,,Общая физика  522 ГК,Общая физика             523 ГК,,,,1220 - 1345,Введение в механику сплошных сред: гидрогазодинамика /  доцент Крикунова А.И. / 117 ГК/,,,,Основы радиотехники/доцент Григорьев А.А./ 409 ГК,Введение в механику сплошных сред: гидрогазодинамика /  доцент Крикунова А.И. / 117 ГК/,,,,,,,,1220 - 1345,Химическая физика/ профессор Разумов В.Ф./432 ГК,,Иностранный язык,Иностранный язык,Иностранный язык,Иностранный язык,Иностранный язык,,1220 - 1345,Иностранный язык,Иностранный язык,Иностранный язык,Иностранный язык,Иностранный язык,Иностранный язык,Иностранный язык,Иностранный язык,,1220 - 1345,,,Гармонический анализ 509 ГК,,Дискретный анализ/ профессор Райгородский А.М. 115 КПМ ,,,Дискретный анализ/ профессор Райгородский А.М. 115 КПМ ,,,Дискретный анализ/ профессор Райгородский А.М. 115 КПМ ,,,,,,,,Дискретный анализ/ профессор Райгородский А.М. 115 КПМ ,,,,1220 - 1345,Биоорганическая и биологическая химия/ доцент Куликов Е.Е./123 ГК,,,,,,,,1220 - 1345,Дифференциальные уравнения./532 ГК,,,,1220 - 1345,Общая физика: волны и кванты/доцент Лапушкин Г.И./Гл.Физ.,,,1220 - 1345,,,
48,,,,,,,,,,,,,,,,,,,,,,,,,,,,,,,,,,,,,,,,,,,,,,,,,,,,,,,,,,,,,,,,,,,,,,,,,,,,,,,,,,,,,,,,,,,,,,,,,,,,,,,,,,
49,,1355 - 1520,Аналитическая механика/ доцент Фомичев А.В./ Акт.зал,,,,,,,,,,1355 - 1520,,,Дифференциальные уравнения 428 ГК,,Общая физика: лабораторный практикум,Гармонический анализ (классич.)415 ГК/ (модерн.) 426 ГК,Гармонический анализ (классич.) 415 ГК/ (модерн.) 426 ГК,Общая физика: лабораторный практикум,Общая физика: лабораторный практикум,Физическая культура,Физическая культура,Общая физика: лабораторный практикум,Общая физика: лабораторный практикум,Общая физика: лабораторный практикум,,1355 - 1520,,,,,Дифференциальные уравнения  416  ГК,,,,Теория и технология программир.206 УПМ,Физическая культура,,,,1355 - 1520,Химическая физика 409 ГК,Химическая физика 411 ГК,Физическая культура,Физическая культура,Дифференциальные уравнения 511 ГК,Физическая культура,,,1355 - 1520,Гармонический анализ/доцент Гусев Н.А./239 НК,,,,,,,,,1355 - 1520,Теория вероятностей 527 ГК,ТиПМС  324а ЛК,,,Гармонический анализ 512 ГК,Дифференциальные уравнения 513 ГК,Физическая культура,,,Дискретный анализ УЛК 2 № 425,Теория колец и полей 523 ГК,Теория вероятностей 516а ГК,,,,,,,Гармонический анализ/доцент Гусев Н.А./239 НК,,,,1355 - 1520,Иностранный язык,Иностранный язык,Иностранный язык,Иностранный язык,Иностранный язык,Иностранный язык,Иностранный язык,,1355 - 1520,,,Физическая культура,,1355 - 1520,Общая физика: волны и кванты 507а ГК,Общая физика: волны и кванты 509 ГК,,1355 - 1520,Иностранный язык,Иностранный язык,
50,,,,,,,,,,,,,,,,,,,,,,,,,,,,,,,,,,,,,,,,,,,,,,,,,,,,,,,,,,,,,,,,,,,,,,,,,,,,,,,,,,,,,,,,,,,,,,,,,,,,,,,,,,6.0
51,,1530 - 1655,Физическая культура,,,,Аналитическая механика 512 ГК,,,Физическая культура,,,1530 - 1655,,,,,,,,,,,,,,,,1530 - 1655,Лабораторный практикум по механике сплошных сред: гидрогазодин.  (чет.нед.) кафедра физической механики (корпус УПМ),,Лабораторный практикум по механике сплошных сред: гидрогазодин.  (чет.нед.) кафедра физической механики (корпус УПМ),,,Лабораторный практикум по механике сплошных сред: гидрогазодин.  (нечет.нед.) кафедра физической механики (корпус УПМ),Аналитическая механика 513 ГК ,,,Основы почности / 423 ауд.,Основы почности/ 422  ауд.,  Компьютерное моделирование гидродинамических систем/Матяш И. С./250 ,,1530 - 1655,,,,,Физическая культура,,Гармонический анализ 419  ГК,,1530 - 1655,,,,,Гармонический анализ 420 ГК,,,,,1530 - 1655,Иностранный язык,Иностранный язык,Теория игр. Часть 2/ лекция/ Мусатов Д.В./Ильинский Д.Г./ ,Иностранный язык,Иностранный язык,Иностранный язык,Иностранный язык,Иностранный язык,,Теория игр. Часть 2/ лекция/ Мусатов Д.В./Ильинский Д.Г./ ,Иностранный язык,Иностранный язык,Иностранный язык,,,Иностранный язык,,Иностранный язык,Иностранный язык,Иностранный язык,Иностранный язык,,1530 - 1655,Дифференциальные уравнения 511 ГК   ,,,Анатомия и физиология человека/доцент Гайдуков А.Е./ 239 НК,,,,,1530 - 1655,,,,,1530 - 1655,,,,1530 - 1655,Гармонический анализ 428 ГК,,
52,,,,,,,,,,,,,,,,,,,,,,,,,,,,,,,,,,,,,,,,,,,,,,,,,,,,,,,,,,,,,,,,,,,,,,,,,,,,,,,,,,,,,,,,,,,,,,,,,,,,,,,,,,
53,,1705 - 1830,,Аналитическая механика 409 ГК,Дифференциальные уравнения 418 ГК,,,Физическая культура,,Аналитическая механика 512 ГК,,,1705 - 1830,,,,,,,,,,,,,,,,1705 - 1830,,,,,Гармонический анализ  419 ГК,,,,,,Физическая культура,Продвинутое программирование на С++/ Бугаев В.С. / ( по четн.нед.)/ 241 ауд.,,1705 - 1830,Математическая статистика/ профессор Райгородский А.М./ 115 КПМ ,,,,,,,,1705 - 1830,Теория вычислительной сложности/доцент Мусатов Д.В./Акт.зал,,,,,,,,,1705 - 1830,,Физическая культура,Микроэкономика/ лекция/ Тонис А.С./ УЛК 2 № 424,,,,Сложность вычислений/ доцент Мусатов Д. В./Акт.зал,Дискретный анализ 527 ГК,,Микроэкономика/ лекция/ Тонис А.С./ УЛК 2 № 424,Физическая культура,,,,Сложность вычислений/ доцент Мусатов Д. В./Акт.зал,Физическая культура,,,,,,,1705 - 1830,Математическая статистика/ профессор Райгородский А.М./ 115 КПМ ,,,Гармонический анализ/старший преподаватель Саулин С.М./ 239 НК,,,,,1705 - 1830,,,,,1705 - 1830,Физическая культура,Иностранный язык,,1705 - 1830,Гармонический анализ/старший преподаватель Саулин С.М./ 239 НК,,
54,,,Методы обработки радиотехнических сигналов,,,,Методы обработки радиотехнических сигналов,,Методы обработки радиотехнических сигналов,,,,,,,,,,,,,,,,,,,,,,,,,,,,,,,,,,,,,,,,,,,,,,,,,,,,,,,,,,,,,,,,,,,,,,,,,,,,,,,,,,,,,,,,,,,,,,,,,
55,,1835 - 2000,,,Физическая культура,,,,,,,,1835 - 2000,,,,,,,,,,,,,,,,1835 - 2000,,,,,,,,,,,,,,1835 - 2000,,,,,,,,,1835 - 2000,Презентации кафедр ФПМИ / Б.Физ.,,,,,Теория вероятностей 409 ГК,Презентации кафедр ФПМИ / Б.Физ.,,,1835 - 2000,Презентации кафедр ФПМИ/ Б.Физ.,,,,,,Дискретный анализ 204а ГК,,,,Презентации кафедр ФПМИ/ Б.Физ.,,,,,,,,,,Теория вероятностей 426 ГК,,1835 - 2000,,Физическая культура,,,,,,,1835 - 2000,Занятия в Долгопрудном,,,,1835 - 2000,,,,1835 - 2000,,,
56,,,,,,,,,,,,,,,,,,,,,,,,,,,,,,,,,,,,,,,,,,,,,,,,,,,,,,,,,,,,,,,,,,,,,,,,,,,,,,,,,,,,,,,,,,,,,,,,,,,,,,,,,,
57,,,,,,,,,,,,,,,,,,,,,,,,,,,,,,,,,,,,,,,,,,,,,,,,,,,,,,,,,,,,,,,,,,,,,,,,,,,,,,,,,,,,,,,,,,,,,,,,,,,,,,,,,,
58,Пятница,900 - 1025,,Дифференциальные уравнения 415 ГК,Общая физика: лабораторный практикум,,Физическая культура,Методы обработки радиотехнических сигналов,,Общая физика: лабораторный практикум,Общая физика: лабораторный практикум (чет.нед.),Пятница,900 - 1025,"А.К.:  1 из 12   Технологии суперкомпьютерных вычислений 806 КПМ/ Физическое моделирование с помощью среды Matlab  706 КПМ/ Введение в распараллеливание алгоритмов и программ 802 КПМ / Практика продвинутого программирования с использованием C++  317 ЛК/  Анализ данных на Python 319 ЛК, 320 ЛК/ Многопоточные вычисления на основе технологий CUDA и OpenCL 701 КПМ/Система Wolfram Mathematica  804 КПМ/Численный расчет волновых процессов 807 КПМ/ Язык Fortran для решения физических задач 321 ЛК/ Автоматизация физического эксперимента /",,,,,,,,,,,,,,Пятница,900 - 1025,Общая физика: лабораторный практикум,,Общая физика: лабораторный практикум,,,Прикладные физ.-тех. и комп.методы исследований:лаб.практ. 107 ЛК,,,Занятия в РАНХ и ГС,"Общая физика: оптика/ профессор Стасенко А.Л. , к.ф.-м.н. Федоров А.В./ 314 ауд.",,Мат. логика и теория алгоритмов/ Милованов А.С./306 ауд.,Пятница,900 - 1025,,,Электроника 201 ЛВЭ,Электроника 201 ЛВЭ,,,,Пятница,900 - 1025,Теория вычислительной сложности/доцент Шестаков С.А./УЛК 1 № 4.18-5.17,,,,,,,,Пятница,900 - 1025,,Физическая культура,,Дискретный анализ 204а ГК,Физическая культура,,Физическая культура,Базы данных 518 ГК,,Дифференциальные уравнения 512 ГК,Физическая культура,Дифференциальные уравнения 426 ГК,Сложность вычислений 512 ГК,,,Дискретный анализ 210 ГК,,Занятия в РАНХ  и ГС,,,,Пятница,900 - 1025,Общая физика             210 ГК,Общая физика: лабораторный практикум,,Анатомия и физиология человека 518 ГК, Основы физической химии: лаб.практикум,Физ.химия (по чет.нед) 514 ГК,,Пятница,900 - 1025,Квантовая механика/ доцент Казаков К.А.,,,Пятница,900 - 1025,Практика программирования на Python /старший преподаватель Хирьянов Т.Ф. /УЛК 2 №425,,Пятница,900 - 1025,Основы цифровизации физических процессов (Факультатив)/доцент Лапушкин Г.И./Гл.Физ.,,6.0
59,,1045 - 1210,,,,Физическая культура,Дифференциальные уравнения 415 ГК,,,,,,1045 - 1210,,,,,,,,,,,,,,,,1045 - 1210,,,,,Общая физика               523 ГК,,Физическая культура,,,,,Мат. логика и теория алгоритмов/ 423 ауд.,,1045 - 1210,Общая физика             507а ГК,Химическая физика: лабораторный практикум 402 ЛК,,,,,,,1045 - 1210,Теория вычислительной сложности 535 ГК,Дифференциальные уравнения 420 ГК,Алгоритмы и модели вычислений УЛК 2 № 425,Теория вычислительной сложности УЛК 1 № 5.16,Общая физика  210 ГК   ,Базы данных 208 УПМ,,Дифференциальные уравнения 422 ГК,,1045 - 1210,Дискретные структуры 420 ГК,Гармонический анализ 424 ГК,"Теория групп, колец и полей/ семинар/ Оверчук А.Д./ УЛК 2 № 424",,Дискретный анализ 204а ГК,Теория колец и полей 420 ГК,Теория вероятностей 422 ГК,Физическая культура,,"Теория групп, колец и полей/ семинар/ Оверчук А.Д./УЛК 2 № 424",,,Дифференциальные уравнения 426 ГК,,,Базы данных 518 ГК,,,Дифференциальные уравнения 428 ГК,Дифференциальные уравнения 512 ГК,АКОС  806 КПМ,,1045 - 1210,Гармонический анализ 513 ГК,,,,,Анатомия и физиология человека 518 ГК,Гармонический анализ 514 ГК,,1045 - 1210,Квантовая механика,Квантовая механика,Квантовая механика,,1045 - 1210,Случайные процессы и математическая статистика/доцент Булински А.В./УЛК 1 № 2.36,,,1045 - 1210,Цифровизация физических процессов 509 ГК,Цифровизация физических процессов 511 ГК,
60,,,,,,,,,,,,,,,,,,,,,,,,,,,,,,,,,,,,,,,,,,,,,,,,,,,,,,,,,,,,,,,,,,,,,,,,,,,,,,,,,,,,,,,,,,,,,,,,,,,,,,,,,,
61,,1220 - 1345,Гармонический анализ/профессор Знаменская Л.Н. /Б.Физ.,,,,,,,,,,1220 - 1345," Гармонический анализ (классич.) /профессор Знаменская Л.Н. с  12:20-13:45/Б.Физ.
 Гармонический анализ (модерн.)/профессор Иванов Г.Е. с 12:20-14:40 /202 НК ",,,,,,,,,,,,,,,1220 - 1345,Физическая культура,,Методы решения систем линейных алгебраических уравнений 105 ЛК,,Прикладные физ.-тех. и комп.методы исследований:лаб.практ. 107 ЛК,,,,,,,,,1220 - 1345,,,Дифференциальные уравнения 415 ГК,,Гармонический анализ 420 ГК,Электроника 201 ЛВЭ,,,1220 - 1345,Теория вероятностей/доцент Горбачев О.Г./239 НК,,,,,,,,,1220 - 1345,Практикум по объектно-ориентированному программированию 706 КПМ,Теория вероятностей 524 ГК,Иностранный язык,А.К. Языки программирования и теория компиляции/ Ахтямов П.И./ 113 ГК      ,,,,,,Иностранный язык,Гармонический анализ 424 ГК,А.К.(кроме ПМИ- Матем.) Языки программирования и теория компиляции/ Ахтямов П.И./ 113 ГК ,,,,,,,,,,,1220 - 1345,,Общая физика             531 ГК,"Теория поля 
518 ГК",Общая физика        430 ГК,Анатомия и физиология человека 518 ГК,,,,1220 - 1345,Теория функций комплексного переменного/ доцент Толченников А.А.,,Теория поля/ Доцент Строев А.Ю.,,1220 - 1345,,,,1220 - 1345,,,
62,,,,,,,,,,,,,,,,,,,,,,,,,,,,,,,,,,,,,,,,,,,,,,,,,,,,,,,,,,,,,,,,,,,,,,,,,,,,,,,,,,,,,,,,,,,,,,,,,,,,,,,,,,
63,,1355 - 1520,Дифференциальные уравнения/ профессор Бишаев А.М./ 115 КПМ,,,,,,,,,,1355 - 1520,,,,,,,,,,,,,,,,1355 - 1520,,,,,,Общая физика: лабораторный практикум,Теория вероятностей 511 ГК,,,Иностранный язык,Иностранный язык,Иностранный язык,,1355 - 1520,Общая физика: лабораторный практикум,Физическая культура,,Общая физика: лабораторный практикум,Общая физика: лабораторный практикум,,Физическая культура,,1355 - 1520,Теория вероятностей 524 ГК,,,Теория вероятностей 522 ГК,Теория вычислительной сложности 527 ГК,Общая физика      523 ГК,Теория вероятностей 525 ГК,Физическая культура,,1355 - 1520,,,Иностранный язык,Теория колец и полей/ ассистент Ильинский Д.Г. / 239 НК,,,,Теория колец и полей/ ассистент Ильинский Д.Г. / 115 КПМ,,Иностранный язык,Теория колец и полей/ ассистент Ильинский Д.Г. / 239 НК,,,,,,,,Теория вероятностей 428 ГК,,Физическая культура,,1355 - 1520,"Физическая химия (по неч. нед.)/ к.х.н. Инденбом А.В., ст.преп. Траньков С.В./Акт.зал ",,,"Основы физической химии (по неч. нед.)/ к.х.н. Инденбом А.В., ст.преп. Траньков С.В./Акт.зал ",,,,,1355 - 1520,ТФКП,ТФКП,,,1355 - 1520,Общая физика: лабораторный практикум,Случайные процессы и математическая статистика 520 ГК,,1355 - 1520,Цифровизация физических процессов (чет.неделя),Цифровизация физических процессов (нечет.неделя),
64,,,,,,,,,,,,,,,,,,,,,,,,,,,,,,,,,,,,,,,,,,,,,,,,,,,,,,,,,,,,,,,,,,,,,,,,,,,,,,,,,,,,,,,,,,,,,,,,,,,,,,,,,,5.0
65,,1530 - 1655,,,,,,,,,,,1530 - 1655,,,,Дифференциальные уравнения 513  ГК,,Дифференциальные уравнения  514 ГК,,,,,,,Дифференциальные уравнения 516 ГК,,,1530 - 1655,Гармонический анализ  418 ГК,,,,,,Лабораторный практикум по механике сплошных сред: гидрогазодин.  (чет.нед.) кафедра физической механики (корпус УПМ),,,Экономика развития/ факультатив / Киреев В. Б./ 241 ауд.,,,,1530 - 1655,,Дифференциальные уравнения 424 ГК,,,,,,,1530 - 1655,,Алгоритмы и модели вычислений 302 КПМ,Базы данных 319 ЛК,,,,,Алгоритмы и модели вычислений 420 ГК,,1530 - 1655,,Практикум по объектно-ориентированному программированию УЛК 2 № 425,,,,Физическая культура,,,,,Теория вероятностей УЛК 2 № 424,Базы данных ,Базы данных ,,,,АКОС  416 ГК,,Физическая культура,Физическая культура,Алгоритмы и структуры данных 204 УПМ,,1530 - 1655,Физ.химия (по чет.нед) 528 ГК,,Информатика   804 КПМ,Гармонический анализ 426 ГК,,,Анатомия и физиология человека 518 ГК,,1530 - 1655,,,,,1530 - 1655,,,,1530 - 1655,,,
66,,,,,,,,,,,,,,,,,,,,,,,,,,,,,,,,,,,,,,,,,,,,,,,,,,,,,,,,,,,,,,,,,,,,,,,,,,,,,,,,,,,,,,,,,,,,,,,Иностранный язык,Иностранный язык,,,,,,,,,,
67,,1705 - 1830,"Компьютерные технологии  
",,,,"Компьютерные технологии  
",,Физическая культура,,Физическая культура,,1705 - 1830,,Физическая культура,Физическая культура,,Физическая культура,,Дифференциальные уравнения  514 ГК,Физическая культура,Дифференциальные уравнения  424 ГК,Дифференциальные уравнения  411 ГК,,,,Дифференциальные уравнения 516 ГК,,1705 - 1830,,,,,Физическая культура,Общая физика             522 ГК,,,,Основы прочности /д.ф.м.н. Медвецкий А. Л./ 241 ауд.,,,,1705 - 1830,,,,,,,,,1705 - 1830,Алгоритмы и модели вычислений 420 ГК,,Физическая культура,Базы данных 324а ЛК,Физическая культура,Физическая культура,Физическая культура,,,1705 - 1830,Физическая культура,,Теория вероятностей 422 ГК,,Теория колец и полей 416 ГК,,А.К. № 1: 1 из 2 (для ПМИ-информ.) Олимпиадное программирование/418 ГК/Педагогический практикум/419 ГК,Теория вероятностей 420 ГК,,Теория колец и полей 426 ГК,АКОС УЛК 1 № 2.35,,,,А.К. № 1: 1 из 2 (для ПМИ-информ.) Олимпиадное программирование/418 ГК/Педагогический практикум/419 ГК,Физическая культура,,,,,,,1705 - 1830,,,,,,,Основы физической химии: лаб.практикум,,1705 - 1830,,,,,1705 - 1830,Иностранный язык,,,1705 - 1830,Математическая логика и теория алгоритмов 409 ГК,Физическая культура,
68,,,,,,,,,,,,,,,,,,,,,,,,,,,,,,,,,,,,,,,,,,,,,,,,,,,,,,,,,,,,,,,,,,,,,,,,,,,,,,,,,,,,,,,,,,,,,,,,,,,,,,,,,,
69,,1835 - 2000,,,,,,,,,,,1835 - 2000,,,,,,,,,,,,,,,,1835 - 2000,,,,,,,,,,,,,,1835 - 2000,,,,,,,,,1835 - 2000,Презентации кафедр ФПМИ/ Б.Хим.,,,,,,,,,1835 - 2000,Презентации кафедр ФПМИ/ Б.Хим.,,,,Презентации кафедр ФПМИ/ Б.Хим.,,А.К. № 1: 1 из 2 (для ПМИ-информ.) Олимпиадное программирование/418 ГК/Педагогический практикум/419 ГК,Презентации кафедр ФПМИ/ Б.Хим.,,ТиПМС УЛК 1 № 5.18,Презентации кафедр ФПМИ/ Б.Хим.,,,,А.К. № 1: 1 из 2 (для ПМИ-информ.) Олимпиадное программирование/418 ГК/Педагогический практикум/419 ГК,Презентации кафедр ФПМИ/ Б.Хим.,,,,,Базы данных 515 ГК,,1835 - 2000,,,,,,,,,1835 - 2000,Занятия в г. Москве,,,,1835 - 2000,,Физическая культура,,1835 - 2000,,Математическая статистика 520 ГК,
70,,,,,,,,,,,,,,,,,,,,,,,,,,,,,,,,,,,,,,,,,,,,,,,,,,,,,,,,,,,,,,,,,,,,,,,,,,,,,,,,,,,,,,,,,,,,,,,,,,,,,,,,,,
71,,,,,,,,,,,,,,,,,,,,,,,,,,,,,,,,,,,,,,,,,,,,,,,,,,,,,,,,,,,,,,,,,,,,,,,,,,,,,,,,,,,,,,,,,,,,,,,,,,,,,,,,,,
72,,900 - 1025,Общая физика: лабораторный практикум,Общая физика: лабораторный практикум,Методы обработки радиотехнических сигналов,Общая физика: лабораторный практикум,Общая физика: лабораторный практикум,Физическая культура,,Методы обработки радиотехнических сигналов,,,900 - 1025,Дифференциальные уравнения/ доцент Ремизов А.О./ Акт. Зал,,,,,,,,,,,,,,,900 - 1025,,,,,,,,,Общая физика: лабораторный практикум,,,,,900 - 1025,Физическая культура,Гармонический анализ 409 ГК,,,,Физическая культура,,,900 - 1025,Базы данных ,Базы данных ,,Физическая культура,,,Физическая культура,,,900 - 1025,,,Теория и практика многопоточной синхронизации / Липовский Р./ УЛК 2 поточ. ауд. 4 эт. ,,,,Дифференциальные уравнения 417 ГК,,,Физическая культура,,Физическая культура,,,,,,,,,Гармонический анализ  413 ГК,,900 - 1025,,,Дифференциальные уравнения 415 ГК,,,Гармонический анализ 411 ГК,,,900 - 1025,,,,,900 - 1025,Случайные процессы и математическая статистика 416 ГК,Общая физика: лабораторный практикум,,900 - 1025,,Физическая культура,
73,Суббота,,,,,,,,,,,Суббота,,,,,,,,,,,,,,,,Суббота,,,,,,,,,,,,,,Суббота,,,,,,,,,Суббота,,,,,,,,,,Суббота,,,,,,,,,,,,,,,,,,,,,,,Суббота,,,,,,,,,Суббота,,,,,Суббота,,,,Суббота,,,,
74,,1045 - 1210,,,,,,Аналитическая механика 414 ГК,Компьютерные технологии   ,,,,1045 - 1210,,Гармонический анализ (модерн.) 416 ГК/класс.) 417 ГК,Гармонический анализ (модерн.1)  416 ГК/(модерн.2)  419 ГК/ (класс.) 417 ГК,Физическая культура,Физическая культура,,,,Физическая культура,Гармонический анализ (модерн.1)  535 ГК/(модерн.2)  419 ГК/(класс.) 417 ГК,Дифференциальные уравнения 409 ГК    ,Физическая культура,,Физическая культура,,1045 - 1210,Введение в механику сплошных сред: гидрогазодинамика 432 ГК,,Введение в механику сплошных сред: гидрогазодинамика 432 ГК,,,Введение в механику сплошных сред: гидрогазодинамика 432 ГК,Введение в механику сплошных сред: гидрогазодинамика  424 ГК,,,,,,,1045 - 1210,Аналитическая механика/ доцент Муницына М.А./ 239 НК,,,,,,,,1045 - 1210,Общая физика: оптика/ доцент Клёнов С.Л./ Гл.Физ.,,,,,,,,,1045 - 1210,Дифференциальные уравнения/ профессор Жуковский С.Е./Б.Физ.,,,,,,,,,,,,,,,,,,,АКОС  806 КПМ,,,1045 - 1210,Информатика/доцент Герцев М.Н/521 ГК,,,,Гармонический анализ 411 ГК,,,,1045 - 1210,,,,,1045 - 1210,,,,1045 - 1210,,Гармонический анализ 412 ГК,
75,,,,,,,,,,,,,,,,,,,,,,,,,,,,,,,,,,,,,,,,,,,,,,,,,,,,,,,,,,,,,,,,,,,,,,,,,,,,,,,,,,,,,,,,,,,,,,,,,,,,,,,,,,5.0
76,,1220 - 1345,,,"Компьютерные технологии  
",,Общая физика              514 ГК,Компьютерные технологии  ,,"Компьютерные технологии  
",,,1220 - 1345,Общая физика            513 ГК,,,,,,,Дифференциальные уравнения 409 ГК    ,,,,,Общая физика  515 ГК,,,1220 - 1345,,,Дифференциальные уравнения  411  ГК,,Лаборатория основ радиотехники,Аналитическая механика 417 ГК,Гармонический анализ  414 ГК,,Гармонический анализ  412 ГК,,,,,1220 - 1345,,,,,,,,,1220 - 1345,Базы данных/ Б. Хим.,,,,,,,,,1220 - 1345,Алгоритмы обработки строк и теории чисел/Троян-Головян Владислав / 532 ГК,,Базы данных/  Б. Хим.,,,,,,,,Базы данных 806 КПМ,Базы данных/  Б. Хим.,,,,,,,,,Дифференциальные уравнения 419 ГК,,1220 - 1345,,Дифференциальные уравнения 415 ГК, Физическая химия: лаб.практикум,Алгоритмы и структуры данных /доцент Герцев М.Н/521 ГК,,,,,1220 - 1345,Программные интерфейсы операционной системы UNIX,,,,1220 - 1345,,,,1220 - 1345,,Математическая логика и теория алгоритмов 413 ГК,
77,,,,,,,,,,,,,,,,,,,,,,,,,,,,,,,,,,,,,,,,,,,,,,,,,,,,,,,,,,,,,,,,,,,,,,,,,,,,,,,,,,,,,,,,,,,,,,,,,,,,,,,,,,
78,,1355 - 1520,,Физическая культура,,Общая физика              512 ГК,,,,,,,1355 - 1520,Физическая культура,Дифференциальные уравнения 409  ГК,Общая физика: лабораторный практикум,,Аналитическая механика 411 ГК,Аналитическая механика 411 ГК,Аналитическая механика 412 ГК,,,,Общая физика: лабораторный практикум,,Физическая культура,,,1355 - 1520,Физическая культура,,Физическая культура,,,Гармонический анализ  414 ГК,Методы решения систем линейных алгебраических уравнений,,,,,Базы данных / 204 ауд.,,1355 - 1520,Практика программирования с использованием С++  (по чет. нед.) старший преподаватель Петров Д.И./ Акт.зал,,,,,,,,1355 - 1520,,Программирование на языке Python 701 КПМ,Теория вычислительной сложности 424 ГК,,Общая физика: лабораторный практикум,Общая физика: лабораторный практикум,,Общая физика   511 ГК            ,,1355 - 1520,Практикум по объектно-ориентированному программированию 706 КПМ,Дифференциальные уравнения  415  ГК,Дифференциальные уравнения 416 ГК,,,Гармонический анализ 417 ГК,,,,Гармонический анализ 418 ГК,,,,,,,,,,,,,1355 - 1520,Физическая культура,,,Алгоритмы и структуры данных,Алгоритмы и структуры данных,Алгоритмы и структуры данных,Алгоритмы и структуры данных,,1355 - 1520,,,,,1355 - 1520,,,,1355 - 1520,Физическая культура,,
79,,,,,,,,,,,,,,,,,,,,,,,,,,,,,,,,,,,,,,,,,,,,,,,,,,,,,,,,,,,,,,,,,,,,,,,,,,,,,,,,,,,,,,,,,,,,,,,,,,,,,,,,,,
80,,1530 - 1655,,Методы обработки радиотехнических сигналов,,Методы обработки радиотехнических сигналов,,,,Физическая культура,,,1530 - 1655,,,,,,Физическая культура,Физическая культура,,,Физическая культура,,,,,,1530 - 1655,,,,,Физическая культура,Физическая культура,,,,,,,,1530 - 1655,Практика программир. с использованием С++,Практика программир. с использованием С++,Практика программир. с использованием С++,Практика программир. с использованием С++   ,Практика программир. с использованием С++   ,Практика программир. с использованием С++   ,Практика программир. с использованием С++   ,,1530 - 1655,Аналитическая механика 409 ГК,Физическая культура,,Алгоритмы и модели вычислений 428 ГК,,,Базы данных 208 УПМ,Базы данных 806 КПМ,,1530 - 1655,,,,,"Теория вероятностей       
   529 ГК","Теория вероятностей       
   529 ГК",,,,,,,,,,Гармонический анализ 417 ГК,,,АКОС  806 КПМ,Теория вероятностей 413 ГК,,,1530 - 1655,Информатика    706 КПМ,,,,,,,,1530 - 1655,,,,,1530 - 1655,не занимать ,,,1530 - 1655,,,4.0
81,,,,,,,,,,,,,,,,,,,,,,,,,,,,,,,,,,,,,,,,,,,,,,,,,,,,,,,,,,,,,,,,,,,,,,,,,,,,,,,,,,,,,,,,,,,,,,,,,,,,,,,,,,
82,,1705 - 1830,,,Гармонический анализ 409 ГК,,,,,,,,1705 - 1830,Прикладная статистика  /ассистент  Калиниченко О.И. / УЛК 1 № 4.18-5.17,,,,,,,,,,,,,,,1705 - 1830,,,,,,,,,,,,,,1705 - 1830,,,,,,,,,1705 - 1830,Введение в анализ данных/ к.ф-м.н. Волков Н.А. (факультатив)/УЛК-2 Поточная аудитория 4 этажа,,,,,,,,,1705 - 1830,,Алгоритмы обработки строк и теории чисел 415 ГК,,Введение в анализ данных/ к.ф-м.н. Волков Н.А. /УЛК-2 Поточная аудитория 4 этажа,,,,,,,,,,,,,,,,Введение в анализ данных/ к.ф-м.н. Волков Н.А. (факультатив)/УЛК-2 Поточная аудитория 4 этажа,,,1705 - 1830,,Физическая культура,Физическая культура,Физическая культура,,,,,1705 - 1830,,,,,1705 - 1830,,,,1705 - 1830,,,
83,,,,,,,,,,,,,,,,,,,,,,,,,,,,,,,,,,,,,,,,,,,,,,,,,,,,,,,,,,,,,,,,,,,,,,,,,,,,,,,,,,,,,,,,,,,,,,,,,,,,,,,,,,
84,,1835 - 2000,,,,,,,,,,,1835 - 2000,Прикладная статистика  / УЛК 1 № 4.18-5.17,,,,,,,,,,,,,,,1835 - 2000,,,,,,,,,,,,,,1835 - 2000,,,,,,,Аналитическая механика 409 ГК,,1835 - 2000,,,,,,,,,,1835 - 2000,,,,,,,,,,,,,,,,,,,,,,,1835 - 2000,,,,,,,,,1835 - 2000,Занятия в г. Москве,,,,1835 - 2000,,,,1835 - 2000,,,
